Dose ,Treatment ,Response_mean,Response_SE_up,Response_SE_low
0.01,Formulation,89.10891089,95.04950495,83.66336634
0.025,Formulation,78.71287129,81.18811881,75.74257426
0.05,Formulation,43.06930693,50.99009901,35.14851485
0.1,Formulation,18.81188119,24.25742574,13.86138614
0.001,AI,75,79.918,69.6721
0.0025,AI,65.1639,69.6721,61.0656
0.005,AI,56.9672,66.3934,47.9508
0.01,AI,38.1148,43.0328,34.0164
